temperature,humidity,rainfall,apple_yield
20.88,82.00,202.94,267.02
21.77,80.32,226.66,284.24
23.00,82.32,263.96,316.86
26.49,80.16,242.86,298.43
20.13,81.60,262.72,314.14
23.06,83.37,251.05,307.81
22.71,82.64,271.32,323.04
20.28,82.89,241.97,299.14
24.52,83.54,230.45,291.95
23.22,83.03,221.21,283.57
26.53,81.42,264.61,317.35
23.98,81.45,250.08,305.00
26.80,80.89,284.44,332.65
24.01,82.06,185.28,253.89
25.67,80.66,209.59,272.17
24.28,80.30,231.09,288.51
21.59,82.79,276.66,327.15
23.79,80.42,206.26,268.65
21.87,80.19,224.56,282.43
23.58,83.59,291.30,340.42
21.33,80.47,185.50,251.37
25.16,83.12,231.38,292.40
21.95,80.97,213.36,274.44
21.05,82.68,233.11,292.02
23.48,81.33,224.06,283.89
25.08,80.52,257.00,309.75
26.36,84.04,271.36,325.85
24.53,80.54,260.26,312.22
20.78,84.50,240.08,299.69
22.30,80.64,197.98,261.85
21.45,84.94,272.20,326.13
22.18,80.33,200.09,263.12
24.53,82.74,224.68,286.38
20.27,81.64,270.44,320.40
25.74,83.88,233.13,294.89
26.80,82.15,193.35,261.29
26.76,81.18,272.30,323.28
23.86,83.15,285.25,335.14
21.02,82.95,298.40,344.57
24.17,83.73,257.03,313.35
22.78,82.07,248.72,304.29
25.63,83.53,209.90,275.84
25.60,80.15,200.83,264.52
23.83,84.81,298.56,347.77
26.31,82.37,265.54,319.16
24.90,80.53,183.68,251.04
24.96,84.48,196.96,266.43
23.24,84.59,233.05,294.92
21.67,80.71,210.81,272.00
24.64,80.41,253.72,306.86
23.43,83.06,219.90,282.63
20.05,80.35,208.58,269.30
23.86,82.23,195.09,261.90
21.97,81.90,227.36,286.76
26.23,83.84,286.51,337.68
23.45,84.79,283.93,335.93
25.66,83.47,217.38,281.76
24.44,82.45,267.98,320.66
20.28,82.12,191.95,258.20
21.72,80.24,277.96,325.17
20.41,82.21,245.15,300.89
25.76,83.52,245.66,304.48
20.62,83.77,279.55,330.35
21.84,80.73,202.38,265.33
20.08,83.29,263.64,316.88
24.46,82.75,182.56,252.68
21.14,80.34,198.67,261.68
25.79,82.11,243.51,301.08
23.64,80.29,263.11,313.92
23.43,80.57,269.50,319.32
24.98,83.89,204.80,272.00
22.73,82.17,260.89,314.13
24.87,82.84,295.61,343.36
21.32,83.00,192.32,259.86
26.29,84.57,257.49,315.36
22.23,81.86,278.08,327.36
26.73,81.79,280.40,330.49
24.89,81.98,185.95,254.60
26.88,81.46,194.58,261.48
22.68,83.73,200.91,268.01
26.09,80.38,182.90,250.61
25.43,82.95,195.36,263.45
26.40,81.06,223.37,283.88
26.04,84.97,186.75,259.18
25.28,80.54,220.12,280.33
22.09,83.47,231.74,292.18
23.29,81.43,242.32,298.56
25.49,81.41,182.65,251.46
23.68,81.04,233.70,291.31
20.82,84.13,230.22,291.39
26.93,81.91,290.68,338.92
23.84,83.88,241.20,300.77
26.53,80.12,218.92,279.24
26.46,83.86,248.23,307.15
22.70,82.81,257.00,311.78
22.68,83.46,194.27,262.37
21.53,82.14,295.92,341.77
21.41,83.33,287.58,336.48
26.54,84.67,183.62,256.47
23.36,83.60,188.41,258.05
22.61,63.69,87.76,153.42
26.10,71.57,102.27,175.53
23.56,71.59,66.72,146.36
19.97,57.68,60.65,123.73
18.48,62.70,65.44,133.13
21.78,57.81,102.09,157.57
25.62,66.50,105.47,171.86
25.19,66.69,78.07,150.04
20.42,62.55,65.28,133.41
24.92,66.79,109.22,174.99
23.32,73.45,94.30,170.58
24.84,68.36,74.05,148.73
22.28,58.84,63.87,128.39
18.88,65.77,94.76,160.39
25.19,60.20,72.12,137.50
18.25,55.28,63.72,122.79
24.61,70.42,104.16,175.21
25.14,65.26,76.68,147.20
23.09,60.12,65.50,131.47
18.05,62.89,84.24,148.28
24.93,73.80,79.74,159.84
18.15,71.09,88.08,161.22
18.28,66.66,80.98,150.26
18.83,58.75,79.75,139.95
25.72,67.22,74.51,147.99
25.34,68.50,96.46,166.97
23.89,57.49,102.83,158.42
21.54,71.51,102.49,174.26
23.09,63.10,70.43,139.00
25.62,63.47,108.83,170.91
21.45,63.16,65.89,134.94
18.52,55.53,90.99,144.98
22.54,67.99,64.41,139.88
23.02,61.89,63.04,131.61
24.89,65.61,87.93,156.55
25.77,74.09,107.49,182.63
19.40,62.36,60.95,129.41
21.54,59.64,109.75,165.83
23.80,74.83,91.76,170.34
18.98,74.53,94.26,170.54
24.11,73.13,71.08,151.85
24.79,70.05,76.73,152.88
21.63,60.28,69.22,134.20
25.38,57.21,101.70,157.63
22.22,72.85,106.62,179.39
20.58,69.00,66.29,142.01
24.88,68.74,91.26,162.96
20.04,56.36,109.02,160.86
25.95,61.89,99.58,161.72
19.29,65.47,71.32,141.41
20.58,65.35,78.35,147.27
24.71,56.73,88.45,146.26
20.27,63.91,62.50,132.78
18.42,64.24,76.41,143.74
23.39,61.74,107.32,166.97
19.85,61.25,100.77,160.06
21.87,61.91,107.27,166.67
22.81,56.51,101.60,155.93
19.08,69.02,80.73,153.13
22.03,65.36,83.73,152.02
23.81,59.25,89.96,150.21
18.53,69.03,88.10,158.87
23.50,61.32,64.78,132.46
26.55,72.89,73.34,154.10
19.30,69.63,83.21,155.92
20.69,59.44,103.65,160.45
19.33,68.03,84.23,154.82
24.61,73.59,96.59,172.96
22.27,59.52,67.97,132.48
25.70,61.33,83.21,147.88
19.20,68.31,87.85,158.01
21.70,60.47,95.71,155.65
20.52,59.21,67.61,131.30
23.30,73.63,97.59,173.41
24.25,55.65,64.24,125.44
24.86,65.74,75.82,147.01
22.63,65.77,88.17,156.26
18.04,60.61,104.23,161.54
23.26,72.33,67.10,147.46
22.88,71.60,67.73,146.96
25.97,69.36,103.22,173.61
26.14,66.21,107.24,173.08
18.66,61.55,75.03,139.49
25.11,55.98,78.16,137.23
23.34,59.25,105.01,162.10
25.08,65.92,62.49,136.62
25.37,72.52,107.91,180.96
25.34,63.32,74.52,143.20
25.01,67.82,62.91,139.21
18.67,71.52,69.93,147.37
20.38,63.74,108.51,169.40
18.09,72.61,78.96,155.73
26.17,71.96,79.85,158.09
18.65,61.38,93.62,154.15
26.07,59.37,85.76,147.67
18.93,72.80,82.34,158.91
23.31,63.25,108.76,169.90
18.75,62.50,70.23,136.81
19.74,59.66,65.51,129.92
25.73,70.75,98.74,171.61
17.02,16.99,88.55,96.33
19.02,17.13,79.93,90.21
17.89,15.41,68.55,78.69
18.87,15.66,88.51,95.26
18.37,19.56,79.26,92.40
20.45,15.40,92.68,98.77
20.65,16.61,74.66,85.86
17.33,18.75,82.62,93.79
18.18,18.90,81.85,93.62
18.01,18.31,81.99,92.96
20.99,19.33,93.55,104.34
19.46,15.23,74.59,83.78
19.81,14.70,78.97,86.75
18.97,19.52,80.71,93.68
18.20,14.71,70.18,79.26
18.73,19.18,71.58,85.90
21.00,19.86,73.51,88.94
20.28,16.40,82.52,91.78
17.48,15.76,66.97,77.73
20.89,14.32,90.46,95.82
17.08,16.15,71.31,81.55
20.09,15.11,85.75,92.76
17.57,15.00,89.31,94.72
19.12,18.43,85.53,96.28
18.58,19.22,72.95,87.00
17.17,14.42,72.33,80.32
18.29,16.68,74.87,85.40
19.03,18.67,94.71,103.88
17.14,17.07,83.75,92.62
17.48,17.93,78.92,89.90
20.57,14.26,83.76,90.29
17.22,15.82,76.58,85.41
19.69,19.44,91.76,102.65
17.85,19.09,76.32,89.32
18.82,16.11,89.73,96.76
17.48,16.54,93.35,99.77
18.73,17.58,81.20,91.68
18.66,16.18,81.71,90.38
18.24,19.69,83.75,96.09
18.81,15.22,77.54,85.94
18.65,17.81,77.93,89.31
20.37,16.90,82.25,92.19
18.38,16.64,70.52,81.90
17.17,17.30,72.79,84.15
19.37,15.77,85.25,92.94
17.93,14.27,85.37,90.81
19.45,18.23,75.63,88.22
19.13,14.92,89.62,95.34
19.10,17.26,75.49,86.84
17.49,16.96,86.05,94.44
19.41,18.98,80.25,92.80
20.19,19.64,78.26,92.23
17.30,15.15,75.58,83.84
17.50,15.48,72.94,82.18
18.17,14.70,90.78,95.71
17.57,16.72,77.82,87.59
20.93,18.91,78.07,91.43
19.71,17.64,85.58,95.54
19.08,17.87,69.41,82.69
18.55,16.03,76.33,85.86
18.20,17.41,80.64,90.87
18.89,14.99,80.11,87.75
18.49,14.72,91.95,96.77
19.49,17.17,87.51,96.46
17.26,18.75,94.00,102.88
19.62,18.71,88.46,99.11
20.68,19.85,84.78,97.85
20.02,16.63,68.98,81.15
20.12,14.44,88.68,94.31
20.66,15.85,65.24,77.40
19.26,14.28,65.78,75.54
17.93,15.86,74.64,84.12
19.16,15.84,82.70,90.91
20.27,19.97,69.64,85.76
17.09,18.25,87.27,96.85
17.07,17.54,70.87,82.87
20.63,14.44,92.07,97.17
20.82,17.85,79.21,91.03
19.46,18.73,68.81,83.36
17.18,16.43,72.85,83.15
17.49,16.39,79.46,88.48
17.48,14.76,65.11,75.05
19.48,17.45,80.50,91.18
19.71,18.10,73.64,86.55
19.49,16.06,81.53,90.34
19.95,14.83,88.68,94.72
19.42,16.80,68.50,80.79
19.46,18.02,78.45,90.22
20.19,16.42,77.34,87.63
18.84,14.74,94.78,99.17
20.71,19.84,94.04,105.25
18.99,15.94,78.70,87.78
19.97,15.57,69.16,80.00
17.82,17.61,90.82,99.13
20.71,15.28,76.78,85.97
17.34,18.76,67.95,82.07
17.44,14.34,73.09,80.91
18.90,19.76,69.10,84.66
18.59,14.78,89.61,95.00
18.32,15.36,81.79,89.36
17.14,20.60,128.26,132.46
19.63,18.91,106.36,113.67
22.91,21.34,109.23,119.86
16.43,24.24,140.37,146.32
22.14,23.02,76.64,95.58
17.85,18.78,143.10,142.36
19.88,20.32,60.92,79.08
19.33,23.33,104.78,117.62
18.42,23.43,132.98,140.02
21.81,23.21,130.06,138.44
19.73,18.28,143.76,142.87
17.15,19.87,88.00,99.39
19.62,18.67,144.16,143.62
21.63,21.18,134.36,139.40
16.07,18.72,88.07,97.74
20.61,24.36,69.64,91.13
21.42,20.40,116.52,124.12
19.07,21.21,86.22,100.15
21.19,19.63,137.19,139.67
23.04,22.43,108.37,120.52
20.65,23.11,67.72,88.10
18.10,18.29,144.79,143.21
18.24,21.08,69.45,86.32
17.48,18.83,121.94,125.39
19.92,21.47,82.69,97.89
20.28,23.24,139.75,145.77
15.77,19.23,108.34,114.48
16.71,19.18,96.77,105.44
17.66,18.15,100.67,107.62
18.51,23.62,87.05,103.53
24.51,20.82,64.19,83.69
18.88,24.54,105.41,119.44
21.59,20.32,61.14,79.77
20.12,24.45,106.16,120.31
15.44,18.37,139.03,137.90
22.64,21.59,122.39,130.62
21.99,24.87,129.57,140.10
20.53,18.09,120.45,124.23
15.79,21.15,95.17,106.25
19.64,19.69,96.66,106.84
20.57,19.75,87.88,100.18
20.16,24.84,138.24,146.45
21.54,24.25,120.69,132.12
15.54,23.76,107.39,119.08
19.92,20.70,108.64,117.73
20.77,18.93,109.02,116.16
23.46,23.22,95.84,111.58
24.32,21.03,60.28,80.75
20.13,24.97,100.05,116.04
21.81,18.57,125.10,128.90
19.52,24.93,113.33,126.44
17.00,19.91,103.29,111.62
16.79,24.97,75.45,95.36
24.85,22.89,62.21,84.70
16.52,20.46,98.78,108.52
18.15,19.39,107.69,114.86
23.19,22.31,63.38,84.43
23.38,21.99,87.67,103.54
18.36,19.38,138.41,139.49
19.26,20.51,94.95,106.36
22.95,24.04,107.73,121.91
20.12,22.90,104.63,117.21
21.14,22.72,141.61,146.89
24.92,18.23,62.71,79.52
15.33,24.92,135.33,142.76
18.81,21.28,125.08,131.25
23.44,22.77,107.41,120.29
22.84,18.97,63.59,80.49
24.90,22.28,146.47,151.38
23.79,24.36,119.64,132.08
22.06,19.60,126.73,131.52
18.87,20.18,134.18,137.23
18.62,23.02,135.34,141.49
23.01,18.87,100.12,109.64
19.33,24.14,68.51,89.58
16.24,21.36,66.97,84.08
17.92,24.91,69.15,90.58
15.47,21.44,88.89,101.48
17.06,23.77,81.83,99.11
21.33,18.49,109.10,115.86
23.91,20.75,81.60,97.35
23.90,22.74,112.66,124.59
22.99,20.58,143.86,146.68
21.35,22.91,146.45,151.06
24.16,19.28,116.73,123.77
24.63,18.18,149.74,149.00
21.02,24.94,124.61,135.92
17.31,20.02,115.20,121.37
23.83,24.75,84.64,104.57
19.31,23.96,129.34,138.02
16.04,22.33,130.39,135.92
19.19,20.83,80.15,94.88
19.93,21.80,64.03,83.36
19.56,24.67,139.29,146.91
18.31,24.33,76.14,95.60
20.11,23.22,73.36,92.59
23.61,21.91,100.60,113.85
19.73,24.89,84.06,103.04
20.93,21.19,133.19,138.26
18.78,20.25,104.26,113.34
36.51,57.93,122.65,178.59
36.89,62.73,163.73,217.33
29.24,59.39,103.33,162.70
27.34,43.36,142.33,174.09
21.06,55.47,184.62,220.58
30.33,42.35,149.30,179.36
31.80,45.03,147.04,181.21
33.18,38.23,198.83,214.90
29.39,63.48,90.05,157.03
30.27,67.39,127.78,192.17
35.46,68.76,108.63,180.05
33.80,40.03,176.62,199.47
28.69,49.47,96.36,145.06
31.24,56.67,122.01,174.99
28.98,57.23,120.74,173.97
27.32,34.14,96.52,126.37
21.48,38.80,180.38,197.31
18.32,34.70,107.47,133.11
36.98,37.74,161.48,185.57
24.80,40.12,121.56,152.84
19.35,55.97,194.59,228.64
28.88,50.12,179.22,212.19
19.54,47.19,192.44,216.44
24.77,50.55,114.28,159.51
18.33,38.41,139.65,163.31
19.15,45.37,132.77,166.41
28.23,49.44,186.50,217.00
30.12,34.13,157.09,175.66
33.41,35.43,139.67,164.27
24.19,46.69,177.34,205.15
26.89,41.70,94.47,133.68
31.33,57.97,161.78,208.39
33.31,67.08,108.51,177.29
23.45,46.49,150.87,183.52
34.54,39.04,168.59,192.09
19.50,34.51,197.38,205.16
28.77,37.58,91.72,127.10
30.98,32.25,180.72,192.57
18.40,36.83,93.12,124.21
35.09,30.99,116.91,141.24
34.93,30.40,159.26,174.37
29.51,35.72,187.90,202.03
34.52,47.53,129.01,170.60
28.43,52.10,147.04,188.68
18.42,34.81,163.27,177.91
31.08,47.20,91.31,139.01
20.89,46.25,195.57,218.22
30.91,52.80,170.99,209.42
27.93,66.45,145.37,204.42
35.95,36.53,136.05,163.46
19.54,56.93,173.17,212.71
19.64,32.32,176.41,185.80
31.22,56.47,129.20,180.49
33.51,45.71,126.67,166.24
24.81,45.01,188.49,212.25
36.21,31.95,191.07,202.05
30.50,35.49,162.59,181.81
26.02,49.95,160.33,196.01
31.48,35.64,100.55,132.65
33.15,32.46,105.04,132.93
23.50,51.29,192.30,222.44
34.87,38.84,148.25,175.67
28.09,44.93,197.11,220.04
24.55,57.34,118.36,170.86
33.65,48.41,100.47,148.57
20.56,60.55,191.09,231.70
19.96,59.33,195.79,233.82
28.88,62.49,182.27,229.47
36.04,43.61,159.89,191.07
23.67,47.29,141.13,176.75
25.75,40.72,100.78,137.21
31.09,66.69,175.93,230.10
18.73,61.33,139.87,191.11
29.50,63.47,189.52,236.63
20.44,39.37,137.23,163.16
36.00,56.01,134.86,185.90
31.47,35.39,174.57,191.57
36.30,56.03,101.61,159.41
29.49,67.11,153.25,211.97
30.58,34.76,177.58,192.94
24.69,59.97,91.96,152.93
23.17,36.68,162.59,181.04
19.04,33.11,155.37,169.74
29.32,45.93,165.41,196.25
34.65,54.32,180.90,220.30
22.00,56.31,136.83,183.63
23.00,60.24,159.69,206.94
30.56,35.29,178.90,194.64
31.46,48.18,165.41,199.58
25.95,40.58,109.18,143.83
21.01,69.69,185.20,238.10
19.25,47.70,149.06,182.27
19.24,50.54,180.65,210.94
22.47,62.57,96.75,159.22
36.75,58.26,124.60,180.62
29.89,66.35,198.14,247.10
29.38,44.82,172.40,200.52
29.65,42.90,186.92,209.91
19.54,66.35,173.11,223.97
20.05,48.94,122.46,162.71
27.91,64.71,32.68,112.17
27.32,51.28,36.50,98.93
28.66,59.32,36.93,109.32
29.03,61.09,72.98,140.41
27.78,54.65,32.05,99.55
32.00,54.11,71.63,131.83
27.34,55.28,73.45,133.29
28.93,53.57,66.36,126.05
27.65,58.60,36.94,108.17
28.52,55.77,61.33,124.55
31.02,45.89,53.57,107.23
25.74,45.38,67.43,116.13
31.70,56.85,44.94,113.69
24.48,58.52,34.97,105.54
31.47,51.80,74.44,131.15
25.61,50.73,53.39,111.28
30.30,47.18,68.04,120.14
28.17,43.67,45.78,97.48
25.51,44.83,74.33,120.91
31.13,43.59,32.77,87.86
26.34,55.59,35.11,102.70
28.23,61.56,72.67,140.48
27.04,49.33,48.25,105.91
25.16,55.25,40.90,106.57
27.32,51.67,32.56,96.25
25.41,49.66,31.87,92.72
31.22,46.02,53.12,107.08
30.57,58.23,62.75,129.24
25.43,53.22,46.19,108.45
27.09,43.65,41.54,93.74
24.31,56.33,59.00,122.08
30.06,45.90,41.06,96.94
28.10,60.98,33.84,108.68
26.34,40.01,55.50,100.32
28.61,57.14,57.03,122.78
28.70,44.36,44.12,97.13
24.22,59.79,42.25,112.81
28.51,45.20,66.18,115.73
25.98,64.96,72.19,143.49
30.88,41.37,55.05,102.95
25.50,61.67,65.08,133.72
25.13,51.33,38.49,99.93
27.11,63.57,62.20,134.18
31.10,44.82,70.80,119.75
26.46,56.40,64.16,126.95
30.04,63.56,31.83,110.75
27.78,54.82,50.28,114.35
30.99,43.02,58.28,107.54
26.49,47.37,36.99,94.38
31.97,57.17,64.26,129.60
25.36,46.83,55.61,108.28
25.54,56.97,48.47,114.80
28.99,62.86,70.47,140.51
29.34,60.50,34.03,108.63
28.64,61.39,68.55,137.10
24.83,44.17,52.08,102.12
25.45,58.55,57.05,123.54
31.01,62.40,63.77,135.21
27.06,52.30,60.75,119.48
27.10,42.26,71.13,115.74
28.57,57.31,64.53,128.96
28.80,49.84,40.86,101.13
27.94,45.41,69.66,118.61
30.48,61.58,61.87,132.54
30.58,50.77,64.59,121.77
26.86,41.81,44.14,93.55
26.31,61.19,35.73,109.91
28.78,44.23,33.96,88.87
28.90,43.35,71.90,118.22
29.38,57.70,38.34,108.72
24.17,58.25,59.19,124.51
26.65,59.79,36.92,109.28
28.20,53.51,52.14,114.38
28.76,52.63,55.22,115.96
29.35,61.25,40.83,114.97
28.01,52.61,36.01,100.34
26.86,48.82,34.74,94.44
31.21,40.93,53.79,101.51
24.20,61.43,46.02,117.80
29.99,49.60,52.93,110.86
29.94,54.62,45.44,110.87
31.21,41.56,68.80,114.28
26.80,48.24,43.88,101.03
31.49,62.85,64.57,136.52
31.00,46.43,38.32,95.66
29.61,63.05,50.20,124.70
29.98,57.03,44.86,113.32
30.89,52.63,55.52,116.83
30.39,60.16,35.37,109.61
30.44,55.21,30.92,100.11
25.33,63.18,32.71,109.59
30.54,59.97,33.49,107.91
30.38,40.59,47.95,96.19
24.02,53.77,35.03,99.75
28.70,61.15,65.68,134.53
29.34,49.00,42.44,101.56
27.97,61.35,70.10,138.09
24.87,48.28,63.92,116.53
25.88,45.96,38.53,93.75
31.02,49.98,32.81,95.53
27.43,87.81,54.73,157.38
28.33,80.77,38.80,136.47
27.01,84.34,55.30,153.55
28.17,81.05,36.36,134.79
29.88,87.33,44.75,149.56
29.89,89.72,42.99,151.02
28.56,83.25,56.48,153.65
27.54,85.57,53.02,153.36
29.68,87.94,41.82,147.89
28.14,82.12,46.76,144.39
29.53,86.73,59.87,160.84
27.88,86.45,44.64,147.82
28.22,82.36,44.01,142.51
29.01,84.96,45.91,147.38
29.76,86.45,37.55,142.71
29.78,85.17,40.78,143.76
27.86,80.45,42.83,139.17
27.11,84.97,51.53,151.32
27.11,83.64,49.12,147.80
28.95,89.08,57.66,161.71
29.22,87.94,43.14,148.80
28.74,85.82,48.55,150.44
29.65,80.30,56.76,150.66
27.24,86.40,37.31,141.71
28.95,81.67,56.51,151.90
28.19,82.61,37.01,137.19
28.30,86.21,50.47,152.32
27.90,88.72,57.80,161.07
28.69,87.50,44.57,149.27
27.83,88.73,56.69,160.18
28.71,81.59,59.87,154.42
28.64,84.61,48.48,148.91
28.29,88.44,48.57,153.47
27.61,86.13,43.80,146.68
28.61,86.99,36.95,142.53
29.25,84.80,53.43,153.28
28.63,89.11,50.50,155.93
29.57,88.08,45.04,150.60
27.83,87.17,58.37,159.65
29.88,83.15,40.12,140.84
27.34,88.50,51.10,155.28
29.83,89.30,58.87,163.21
28.28,82.76,56.05,152.63
29.87,85.99,58.41,158.88
29.59,89.99,54.96,160.84
28.07,82.91,49.62,147.61
27.84,90.00,52.85,158.62
27.11,87.45,55.04,157.10
27.69,81.94,54.62,150.33
29.35,85.60,59.04,158.76
28.36,84.86,52.93,152.68
27.65,89.81,56.53,161.28
27.31,85.45,53.15,153.25
27.07,86.90,50.47,152.77
28.07,85.92,39.24,142.91
27.73,81.14,44.18,141.03
27.54,89.93,45.49,152.56
29.66,84.28,56.10,154.91
29.91,85.85,41.39,145.11
28.36,87.60,58.00,160.02
29.46,87.61,43.15,148.49
29.73,82.89,50.92,149.12
27.47,87.18,43.78,147.88
27.77,87.10,49.51,152.46
29.13,88.48,36.45,144.08
27.11,89.90,37.46,145.97
28.88,86.94,53.80,156.03
28.15,83.80,37.45,138.96
29.89,80.14,54.80,148.98
27.42,80.98,40.53,137.83
29.27,89.49,50.92,156.91
29.65,88.49,56.02,159.89
28.45,82.68,58.19,154.29
27.96,83.98,48.94,148.31
29.26,81.98,42.02,140.77
28.36,88.01,43.05,148.56
27.63,86.49,39.26,143.49
28.66,86.12,50.02,151.96
29.21,87.11,51.54,154.53
29.41,86.16,53.35,154.90
28.03,84.88,36.12,139.17
28.09,80.35,38.14,135.36
29.16,80.28,40.17,137.22
29.86,80.03,50.66,145.53
29.07,83.69,43.95,144.31
27.39,88.67,58.30,161.26
27.93,85.42,43.25,145.48
29.28,81.80,44.47,142.52
29.00,83.79,59.84,157.12
27.93,86.55,43.48,147.03
28.55,88.96,49.49,154.90
29.36,89.19,48.30,154.48
28.56,83.64,41.01,141.74
28.44,87.91,43.12,148.52
28.80,80.46,44.30,140.63
28.73,89.13,58.53,162.40
27.96,83.53,43.26,143.23
28.17,83.70,37.25,138.69
28.78,86.69,56.12,157.56
28.44,83.49,52.55,150.76
29.48,63.20,71.89,142.20
26.73,68.14,67.15,143.51
26.27,62.29,70.23,138.81
34.04,67.21,73.24,149.45
28.04,65.07,72.50,144.49
28.81,65.34,62.26,136.86
34.04,64.29,66.86,140.84
33.86,61.57,68.02,138.46
32.84,68.68,73.67,151.21
27.10,63.36,73.85,143.24
25.66,61.18,69.29,136.55
32.35,66.61,64.56,141.29
29.59,68.32,67.53,144.89
30.91,68.79,66.64,145.14
28.13,64.21,70.86,142.18
30.09,69.35,67.14,145.95
31.74,62.51,68.97,139.71
27.81,62.50,69.76,139.15
32.89,64.59,71.51,144.58
29.36,64.99,61.91,136.32
27.83,67.59,74.01,148.66
28.50,60.45,74.92,141.02
27.74,68.54,71.79,148.00
30.42,67.66,63.02,140.74
27.33,69.09,61.19,140.06
30.28,61.69,65.63,135.62
28.57,61.53,63.50,133.21
25.37,66.64,65.82,140.23
34.95,65.27,70.14,144.92
25.10,67.73,74.62,148.50
32.48,64.35,65.82,139.62
33.86,68.59,69.24,147.87
25.20,60.37,70.89,136.72
31.78,69.02,61.47,141.53
34.90,63.60,64.73,138.57
31.74,68.64,62.31,141.73
27.16,66.76,69.85,144.14
26.24,67.89,73.59,148.20
30.20,60.07,66.37,134.24
31.56,67.84,74.87,150.77
29.68,69.09,65.66,144.34
27.05,67.70,60.47,137.73
34.64,61.39,72.43,142.00
33.39,62.94,63.57,136.40
28.84,63.37,70.25,140.90
31.49,63.06,71.48,142.30
25.55,63.95,63.18,134.96
34.37,69.69,70.27,150.16
34.60,63.11,60.42,134.45
29.43,64.94,72.18,144.50
29.11,67.91,67.83,144.49
28.57,65.72,70.09,143.50
27.54,69.35,69.41,147.01
33.05,68.94,62.30,142.48
33.95,69.96,61.16,143.07
30.12,60.12,71.73,138.56
29.58,66.18,69.44,143.84
27.26,68.01,68.92,144.93
31.36,64.25,63.86,137.59
31.52,66.56,61.71,138.69
29.40,64.26,67.48,139.91
29.38,64.15,65.24,137.99
28.39,61.89,74.24,142.18
28.47,63.54,69.53,140.41
30.64,61.15,71.37,139.66
25.26,61.37,68.65,136.13
32.97,60.18,73.45,140.87
33.67,66.60,67.33,143.89
32.84,68.00,73.40,150.17
27.46,62.90,69.46,139.29
25.69,69.84,74.62,151.21
30.03,64.15,71.21,142.96
28.21,68.27,64.33,141.85
28.27,61.19,63.30,132.55
28.54,64.20,69.69,141.36
26.87,61.61,63.52,132.81
32.80,68.78,64.11,143.67
26.42,64.51,63.47,136.11
29.79,63.39,63.02,135.42
27.44,67.10,72.51,146.76
34.13,65.15,70.41,144.74
30.95,64.23,62.79,136.59
28.76,61.03,73.38,140.56
27.25,66.10,62.32,137.35
28.63,66.77,62.27,138.53
26.42,63.65,64.42,135.84
32.82,66.16,68.84,144.30
29.63,65.91,71.16,144.92
33.49,62.73,65.45,137.69
31.87,66.74,74.22,149.03
30.33,65.63,71.65,145.17
28.55,66.31,62.83,138.41
30.03,67.89,66.47,143.65
31.66,60.13,66.69,135.01
30.33,63.55,74.17,144.69
33.37,65.68,64.90,140.74
31.43,62.99,64.78,136.84
27.72,63.29,68.57,139.12
32.64,61.30,61.84,132.82
32.75,67.78,63.38,141.86
28.05,63.50,43.36,119.30
19.44,63.28,46.83,119.23
29.85,60.64,46.80,119.16
21.36,69.92,46.64,127.63
26.29,68.52,46.14,127.02
22.17,62.14,53.47,123.99
26.58,60.98,50.89,121.86
26.59,66.14,50.91,128.07
19.13,62.58,36.47,110.01
28.75,69.16,35.15,119.74
25.79,60.28,49.14,119.39
23.89,61.79,52.56,123.36
28.67,63.19,42.96,118.80
28.42,61.77,49.02,121.87
21.35,62.60,41.78,114.95
21.13,63.19,38.72,113.14
24.02,61.62,49.78,120.98
25.40,65.86,51.92,128.19
29.03,64.49,54.94,130.05
20.21,68.65,50.90,129.17
29.20,68.02,44.93,126.33
18.30,69.69,49.39,128.63
27.41,63.42,44.43,119.87
24.84,60.09,48.78,118.58
29.94,67.31,40.37,122.06
25.88,67.55,47.90,127.14
20.05,65.84,46.05,121.87
22.99,66.71,54.49,130.54
25.13,66.93,49.04,127.08
28.50,62.45,53.15,126.00
18.29,69.49,48.60,127.75
24.38,61.18,53.14,123.25
21.32,66.44,45.43,122.46
18.54,62.71,44.08,116.07
25.29,60.86,49.37,120.12
25.43,69.13,41.03,123.40
28.84,69.76,44.09,127.63
27.38,63.94,49.47,124.52
28.32,60.19,45.37,117.02
27.48,62.05,37.81,112.95
18.28,68.10,48.80,126.25
27.61,69.30,42.72,125.62
23.44,63.22,45.40,119.22
20.96,63.68,52.40,124.62
23.79,68.03,49.74,128.57
22.64,65.45,38.30,115.97
21.54,65.47,35.75,113.63
29.88,65.73,44.96,123.81
25.27,67.10,48.34,126.77
25.18,68.93,35.03,118.30
24.12,61.10,44.24,115.94
23.34,67.40,36.19,116.84
21.75,63.40,50.43,122.94
27.60,63.46,54.38,127.94
24.39,62.50,47.26,120.13
24.98,66.90,38.21,118.34
28.23,69.32,35.37,119.94
26.03,69.56,37.11,120.97
28.05,64.08,37.16,115.03
24.87,64.00,48.28,122.89
23.97,62.36,53.41,124.75
20.06,67.76,42.90,121.65
19.59,61.29,41.77,112.84
29.77,66.29,35.70,117.04
27.52,60.54,48.06,119.35
25.63,63.15,45.50,119.87
20.39,60.48,53.32,121.34
25.39,60.50,39.18,111.56
24.91,60.71,42.20,114.09
27.70,63.21,37.46,114.13
18.06,65.10,51.55,124.78
18.13,62.46,50.61,120.88
23.83,67.90,46.91,126.15
23.19,62.75,49.55,121.90
25.09,68.18,41.45,122.50
25.87,61.88,36.68,111.37
18.44,68.05,39.01,118.40
27.15,67.03,52.51,130.58
23.33,64.51,47.02,122.02
26.72,62.97,42.87,117.88
19.56,64.45,53.05,125.65
26.14,66.77,46.48,125.15
28.00,65.58,49.94,127.04
29.06,62.11,36.50,112.45
25.71,64.11,50.17,124.79
21.80,63.73,46.62,120.32
24.71,60.27,53.12,122.23
20.95,65.81,44.24,120.65
24.85,68.98,41.61,123.52
21.91,65.22,36.10,113.71
25.93,68.71,51.02,131.05
29.82,69.41,51.56,133.49
27.52,63.13,45.21,120.18
28.00,68.64,46.11,127.65
20.77,63.90,47.93,121.25
23.05,60.42,52.60,121.51
21.66,63.58,38.08,113.26
26.25,67.63,40.81,121.68
20.97,63.83,53.10,125.37
23.90,66.32,40.75,119.35
24.56,91.64,111.97,206.91
19.66,89.94,108.05,200.26
18.78,87.40,102.52,192.53
24.15,94.51,110.23,208.84
22.45,89.90,109.39,202.13
24.96,92.41,109.42,205.91
22.55,89.33,104.90,197.87
22.77,91.45,106.97,202.15
19.20,94.28,108.04,205.33
23.13,92.68,109.39,205.67
24.93,85.19,104.77,193.52
24.77,85.64,105.76,194.80
19.87,86.36,108.32,196.24
24.27,93.80,104.54,203.47
23.63,89.73,107.68,200.91
19.68,89.09,108.55,199.65
22.37,92.31,104.82,201.34
21.58,94.88,102.86,202.62
18.26,88.17,108.08,197.74
23.71,89.62,105.65,199.17
22.49,89.92,111.66,203.98
21.66,94.79,112.43,210.20
20.13,89.32,107.34,199.09
18.41,91.12,105.18,199.01
19.68,89.75,111.28,202.63
23.20,91.19,109.09,203.67
18.92,87.31,102.80,192.69
22.11,91.34,106.87,201.74
18.47,89.69,108.48,199.95
19.81,88.93,102.86,194.95
24.49,90.84,103.20,198.91
18.76,89.93,111.02,202.37
19.54,90.30,104.37,197.72
18.91,87.75,111.28,200.00
19.91,94.95,104.03,203.14
19.73,89.65,108.23,200.08
23.83,87.84,111.22,201.54
24.94,94.26,103.88,203.70
24.69,93.87,104.67,203.79
24.72,85.56,111.28,199.11
20.13,87.60,108.07,197.61
21.02,93.06,104.78,201.80
22.40,88.15,109.87,200.40
20.34,89.38,110.97,202.13
24.25,85.56,106.92,195.48
24.82,91.91,109.29,205.16
19.66,87.95,106.04,196.27
22.43,90.34,112.46,205.11
22.92,85.13,110.24,197.23
22.92,85.41,106.28,194.39
24.88,89.40,107.20,200.50
23.41,93.13,105.22,202.96
21.21,94.26,107.57,205.53
18.20,91.12,109.66,202.54
22.34,89.79,103.32,197.10
24.33,90.88,110.46,204.73
19.75,88.72,102.55,194.43
19.86,86.20,111.02,198.21
18.07,93.15,106.36,202.28
23.89,89.62,104.62,198.40
23.99,93.34,104.99,203.20
20.94,85.43,103.03,191.22
20.82,87.23,109.44,198.47
20.86,91.62,106.87,201.70
24.46,86.11,111.38,199.77
24.51,90.64,105.62,200.62
24.57,92.03,110.96,206.58
24.63,89.02,110.70,202.77
20.07,90.98,103.71,198.16
21.81,94.64,102.65,202.22
22.81,86.34,110.44,198.81
22.73,88.49,104.68,196.75
23.28,94.94,111.14,209.83
19.30,87.18,105.48,194.78
19.01,88.84,108.68,199.25
24.35,90.89,105.53,200.79
24.72,88.88,112.19,203.82
21.93,94.46,111.72,209.31
24.84,86.89,107.64,197.83
18.10,90.42,104.88,197.84
20.24,91.09,109.25,202.78
23.23,94.43,105.69,204.84
23.50,92.98,106.62,203.92
19.45,89.02,106.16,197.59
20.51,92.52,110.58,205.64
18.90,95.00,107.61,205.76
18.91,89.24,112.48,202.74
22.63,88.46,109.04,200.16
19.39,86.79,109.91,197.89
24.38,91.19,103.60,199.63
23.78,92.93,106.98,204.24
22.60,93.16,110.09,206.65
24.38,85.40,106.13,194.70
20.89,91.08,104.44,199.11
18.10,85.71,107.01,193.88
20.00,85.84,112.34,198.87
19.85,89.81,102.82,195.98
21.25,92.65,106.28,202.58
23.65,93.33,109.81,206.93
23.88,86.21,108.31,197.26
29.37,76.25,92.83,174.57
27.33,83.68,101.05,189.45
27.40,82.96,104.94,191.73
29.32,80.12,90.11,177.02
26.05,79.40,113.23,193.68
25.87,84.42,114.54,200.70
27.01,80.19,97.33,182.19
29.55,78.07,99.34,182.02
26.29,83.39,113.87,199.05
29.16,76.16,100.01,180.15
28.65,82.69,98.75,186.82
29.07,76.50,100.17,180.66
28.08,75.26,118.28,193.36
27.20,78.81,99.72,182.51
28.05,78.05,108.40,188.79
25.15,83.35,98.67,186.49
25.94,78.34,119.85,197.67
27.67,79.69,108.66,190.85
25.57,75.94,102.79,181.03
28.70,82.54,116.16,200.59
26.34,76.85,118.69,195.07
25.94,78.90,98.22,181.03
25.14,84.88,91.46,182.57
27.51,80.80,105.08,189.27
26.21,82.34,112.07,196.33
29.10,79.20,92.08,177.43
29.24,77.32,90.67,174.09
25.56,77.38,93.10,175.01
26.40,81.36,98.17,184.09
28.10,77.80,109.54,189.42
27.85,83.31,117.29,202.16
27.39,81.47,94.31,181.43
25.15,81.38,119.22,200.58
28.65,79.29,102.46,185.71
29.16,76.67,109.58,188.42
27.57,82.06,91.34,179.82
25.41,82.36,112.98,196.84
25.99,83.34,112.08,197.47
26.29,81.06,118.67,200.10
29.15,78.71,117.54,197.23
26.60,79.36,107.39,189.13
25.36,75.03,116.55,190.89
29.12,80.18,112.40,194.87
27.54,77.26,110.33,189.23
29.67,83.51,110.25,197.31
25.06,84.97,110.44,197.84
25.87,78.52,116.30,195.03
25.85,81.96,119.09,201.37
26.52,77.80,108.85,188.40
28.67,79.59,118.26,198.72
28.15,81.54,91.41,179.42
26.42,83.70,95.12,184.46
26.59,81.41,109.98,193.65
27.72,76.58,102.21,181.98
28.98,82.96,109.02,195.46
29.42,83.97,117.23,203.37
27.40,81.11,112.14,195.25
26.40,84.41,111.02,198.03
27.81,82.69,99.21,186.94
25.20,83.56,115.86,200.52
28.31,75.77,119.70,195.18
25.90,80.47,110.10,192.42
27.49,76.11,109.28,187.00
29.38,83.50,109.25,196.42
29.22,81.08,108.86,193.15
27.09,81.34,110.13,193.84
26.13,81.81,104.48,189.60
29.01,77.95,90.43,174.59
27.97,79.29,119.48,199.12
28.08,76.06,118.99,194.88
25.16,84.98,90.95,182.28
25.79,84.51,114.20,200.51
25.34,84.47,91.06,181.82
29.45,78.35,96.45,180.01
26.48,78.52,113.12,192.66
27.39,83.31,92.78,182.42
25.08,80.26,94.33,179.30
26.67,76.49,91.73,173.17
25.45,79.49,100.66,183.55
28.23,80.64,98.00,183.64
28.13,77.48,103.50,184.22
28.95,82.19,95.83,183.97
27.96,84.15,97.56,187.42
28.00,78.90,94.68,178.83
29.14,80.12,90.45,177.25
27.91,83.36,90.24,180.60
25.43,81.54,96.48,182.66
28.56,84.52,111.08,198.85
26.60,83.00,100.51,187.98
27.20,77.40,99.47,180.61
25.29,79.29,105.42,187.08
29.91,76.99,92.00,174.96
27.95,76.64,109.09,187.62
25.01,78.76,108.37,188.71
29.21,84.70,108.55,197.25
27.36,84.55,90.81,182.31
28.01,76.53,103.70,183.20
28.67,82.21,94.38,182.76
27.35,78.49,92.16,176.11
29.51,78.21,98.13,181.20
29.74,47.55,90.10,138.06
33.56,53.73,98.68,153.48
27.00,47.68,95.85,141.99
33.56,45.54,95.71,141.28
35.90,54.26,92.20,149.64
34.18,50.62,98.01,149.40
30.02,53.19,97.73,151.02
31.75,45.16,93.75,138.72
35.99,52.23,95.37,149.77
31.87,52.19,98.47,150.97
27.76,52.35,94.11,146.43
34.72,51.43,97.31,149.98
27.54,53.64,99.35,152.11
27.70,48.56,89.86,138.47
27.25,52.66,91.87,144.87
30.34,48.89,94.43,143.31
31.86,45.53,91.56,137.44
35.40,49.46,97.41,147.90
29.81,52.14,95.75,148.10
34.16,54.16,98.33,153.91
28.93,47.94,99.98,146.20
27.98,53.33,99.61,152.08
31.20,54.50,94.63,150.46
32.13,50.53,98.63,149.18
28.92,48.14,97.01,144.05
31.10,47.41,90.29,138.45
34.74,49.09,90.65,141.85
29.98,49.49,91.82,141.84
33.80,46.13,90.83,138.16
30.07,50.96,92.10,143.85
27.92,51.78,100.26,150.72
31.41,49.22,93.00,142.88
35.79,51.94,100.22,153.24
33.36,45.02,98.82,143.09
35.96,48.70,98.01,147.63
28.33,51.40,91.67,143.51
32.28,50.19,95.99,146.71
31.99,50.85,97.39,148.53
27.58,48.57,95.84,143.23
29.38,45.89,100.81,144.53
32.39,53.23,90.22,145.77
30.91,49.93,90.14,141.30
35.38,45.58,97.42,143.24
32.32,52.59,93.37,147.50
28.22,47.41,97.77,143.57
27.27,47.17,95.26,140.99
27.11,50.71,92.37,142.88
34.89,48.76,91.63,142.28
33.75,48.50,92.26,142.14
27.35,54.44,96.28,150.56
32.89,52.61,94.49,148.60
35.39,51.43,90.30,144.56
27.55,47.91,90.40,138.08
32.82,47.46,90.89,139.51
30.17,51.08,95.23,146.54
29.26,54.82,100.76,155.17
32.06,51.08,96.60,148.20
28.70,47.72,99.64,145.59
29.14,49.41,97.55,146.08
28.35,53.54,90.40,145.07
27.67,45.42,92.85,137.08
28.12,46.17,93.30,138.48
30.79,46.70,92.21,139.04
28.89,54.81,94.76,150.25
33.33,45.61,98.29,143.36
27.79,53.97,91.01,145.91
31.65,48.21,91.10,140.22
29.75,46.74,91.41,138.13
31.33,50.22,89.78,141.49
35.64,48.97,97.52,147.47
31.67,51.99,89.98,143.87
32.27,53.56,95.94,150.71
27.81,51.59,95.90,146.98
34.59,50.34,100.31,151.03
31.27,52.24,89.74,143.86
33.94,52.72,97.46,151.42
31.09,47.02,91.47,138.93
31.89,49.02,89.59,140.07
32.45,50.70,95.05,146.61
35.47,47.97,97.79,146.44
27.33,49.30,93.53,142.19
30.90,49.96,91.78,142.64
29.09,45.57,96.24,140.40
30.02,46.78,96.64,142.46
34.13,51.26,96.39,148.86
33.45,53.06,98.05,152.15
35.39,52.49,91.23,146.59
31.53,53.06,98.57,151.99
30.76,47.94,90.39,139.06
30.02,50.10,96.09,145.99
31.33,47.59,94.67,142.25
33.88,54.39,89.29,146.87
28.08,54.96,97.45,152.34
35.54,52.95,91.55,147.43
28.71,50.44,95.89,145.86
31.48,48.78,93.17,142.52
27.70,51.42,100.77,150.63
30.41,52.48,93.92,147.24
32.18,54.01,91.89,147.98
32.61,47.75,91.10,139.96
30.00,81.54,67.13,160.55
30.73,82.43,68.38,162.83
32.45,83.89,68.74,165.39
37.47,80.66,66.84,161.50
22.03,83.74,65.34,159.38
39.65,82.21,70.40,166.87
16.78,82.75,66.76,157.75
12.14,83.57,69.63,159.63
12.76,81.62,66.78,155.20
39.04,80.18,73.88,167.04
39.71,82.69,74.92,171.07
9.47,82.29,66.03,154.41
29.59,80.92,68.06,160.43
17.83,80.96,65.85,155.18
8.83,82.90,67.24,155.91
27.83,83.51,73.03,166.99
11.02,80.56,68.24,154.56
17.59,80.85,71.41,159.42
19.89,82.73,69.66,160.98
29.94,81.78,65.52,159.53
36.73,80.59,72.24,165.52
20.42,81.54,66.93,157.52
25.52,83.98,69.17,163.77
30.51,82.72,70.08,164.48
18.43,80.56,69.76,158.00
12.09,83.59,68.67,158.87
23.60,82.48,73.24,164.65
12.80,81.21,67.10,154.97
38.06,82.25,65.70,162.68
39.07,82.04,69.31,165.61
33.78,81.16,74.54,167.16
16.76,82.00,73.29,162.06
35.89,82.67,66.54,163.20
21.01,81.18,66.38,156.83
10.90,80.02,68.69,154.24
16.36,83.00,71.56,161.76
20.28,81.32,71.07,160.52
25.11,83.25,73.01,165.85
33.46,83.87,67.92,165.02
11.80,80.86,65.07,152.63
11.36,80.03,71.18,156.39
25.24,80.69,67.04,158.03
15.99,81.24,74.40,161.81
22.44,80.19,65.40,155.27
34.76,81.04,65.70,160.23
31.11,83.34,71.43,166.49
28.58,80.96,73.34,164.39
41.19,81.02,68.69,164.53
27.03,83.17,70.96,164.68
21.19,82.33,74.63,164.86
10.38,83.45,67.39,157.16
31.31,82.56,65.01,160.48
20.47,80.98,71.30,160.35
29.37,81.54,66.13,159.57
10.72,80.02,65.30,151.48
14.98,80.50,71.63,158.40
15.32,81.67,71.60,159.88
18.74,81.12,73.56,161.81
19.36,83.36,67.15,159.56
41.21,81.61,65.90,163.02
33.34,82.51,70.68,165.56
23.82,80.12,67.27,157.11
40.66,81.25,74.03,168.92
11.83,80.28,74.10,159.17
13.29,83.54,65.80,156.88
35.83,83.33,73.68,169.68
26.18,81.04,66.06,157.95
24.58,80.71,69.71,159.99
29.67,83.71,66.48,162.55
39.37,81.25,74.08,168.58
17.67,82.93,69.87,160.71
24.07,82.66,69.82,162.27
15.31,80.10,74.82,160.57
21.77,80.55,69.40,158.71
26.92,80.77,69.31,160.44
41.66,82.22,74.20,170.52
17.99,81.18,72.37,160.71
29.12,82.79,68.85,163.17
34.39,83.18,71.03,166.96
41.36,82.80,69.92,167.70
35.12,82.27,69.72,165.03
19.65,80.15,73.70,161.03
16.28,82.94,66.57,157.67
21.12,80.63,69.28,158.52
19.21,82.90,66.83,158.71
25.96,82.58,70.32,163.14
25.67,81.62,74.11,164.93
41.95,81.16,73.07,168.43
11.19,80.81,66.34,153.40
17.54,82.95,73.77,163.82
13.06,80.28,70.76,156.86
9.72,83.75,74.46,162.99
27.92,82.93,69.92,163.83
9.54,80.73,69.44,155.29
13.43,80.07,71.40,157.23
9.85,80.23,68.43,153.97
24.97,82.73,66.70,160.13
27.24,82.95,70.43,164.05
18.71,83.48,66.60,159.06
9.95,82.55,66.01,154.85
26.47,80.92,53.66,147.97
25.19,83.45,46.87,145.19
25.30,81.78,57.04,151.35
24.75,88.31,57.96,159.76
26.59,81.33,41.88,139.07
24.53,88.99,49.12,153.44
26.07,88.73,57.80,160.53
25.97,89.77,59.46,163.09
26.22,85.35,54.60,153.97
24.41,89.82,44.08,150.37
26.49,80.05,57.73,150.19
24.04,84.18,53.79,151.27
25.54,83.32,57.57,153.70
26.75,83.92,40.79,141.36
25.71,80.23,43.09,138.46
25.76,84.17,44.22,144.11
26.79,89.65,57.74,161.81
24.90,89.74,57.45,161.11
26.81,88.23,58.80,160.96
25.11,80.03,44.21,138.93
26.21,87.69,59.66,160.82
24.91,86.97,49.49,151.43
25.79,84.27,56.45,154.02
25.27,87.55,40.13,144.74
25.76,87.59,46.05,149.68
25.85,89.13,46.85,152.20
24.34,81.44,48.32,143.69
25.38,80.99,57.23,150.59
24.86,85.05,55.30,153.76
24.72,88.95,48.46,152.92
24.21,84.21,48.01,146.72
25.82,82.04,54.83,150.06
24.47,84.16,57.27,154.15
24.13,84.84,51.19,150.01
26.18,86.52,49.43,151.23
26.18,86.73,53.33,154.60
26.04,84.64,44.40,144.90
26.53,82.39,54.31,150.27
26.82,87.83,46.06,150.29
25.50,81.40,48.48,144.12
26.20,80.38,56.48,149.50
25.14,89.28,43.53,149.50
25.92,83.47,42.11,141.63
26.66,89.98,57.41,161.91
24.07,81.64,51.75,146.59
24.68,82.75,57.06,152.35
26.11,87.64,58.48,159.79
26.82,87.66,55.74,157.83
25.16,80.28,55.50,148.27
25.28,83.15,49.29,146.80
26.22,80.90,49.09,144.22
24.92,80.62,50.56,144.66
26.22,81.01,54.65,148.80
26.81,87.22,51.70,154.07
24.31,87.47,48.11,150.75
24.29,88.05,51.26,153.95
24.43,86.34,48.58,149.80
25.67,88.70,54.23,157.52
25.08,83.46,56.40,152.80
24.89,85.87,51.71,151.88
25.43,82.91,56.34,152.20
24.37,87.13,44.64,147.57
26.49,88.59,46.06,151.11
25.83,89.00,45.25,150.75
24.42,89.40,40.32,146.86
24.37,81.25,44.21,140.18
24.25,83.04,54.77,150.73
24.64,85.50,48.31,148.64
24.90,86.11,53.15,153.32
25.42,81.12,49.52,144.59
26.26,86.15,58.98,158.44
24.90,87.21,46.59,149.39
24.85,89.20,59.68,162.24
26.98,86.70,42.91,146.47
26.90,86.25,59.76,159.38
25.86,86.67,41.17,144.70
26.71,81.14,51.51,146.59
26.44,80.92,47.82,143.29
26.28,84.42,50.79,149.82
26.84,83.85,40.23,140.86
26.04,83.99,43.88,143.70
24.93,85.01,48.76,148.50
25.51,84.24,44.21,144.11
25.44,87.94,57.52,159.17
26.13,86.55,40.71,144.27
25.10,87.53,59.27,159.98
26.28,86.63,54.39,155.35
26.27,83.09,46.77,145.01
26.74,87.82,47.46,151.38
25.05,85.57,56.72,155.57
24.69,85.57,48.99,149.29
24.54,84.61,42.01,142.50
25.90,81.97,54.50,149.73
26.63,84.32,56.32,154.23
25.36,80.46,47.72,142.33
25.29,89.64,58.29,161.78
26.64,84.70,48.32,148.29
25.33,84.31,41.53,141.99
26.90,83.89,43.97,143.92
26.99,89.41,58.55,162.23
27.58,94.12,28.08,143.68
27.82,93.04,26.32,141.05
29.10,94.22,22.52,139.82
28.05,90.83,20.76,134.02
29.92,94.56,28.16,144.97
29.87,93.25,26.26,141.87
29.17,92.21,21.30,136.45
29.25,90.07,25.93,137.61
27.76,90.36,25.22,136.93
28.83,94.27,26.24,142.76
28.52,92.10,29.87,142.97
29.07,90.98,29.12,141.19
29.08,90.74,25.33,137.88
28.47,94.79,21.08,139.16
28.28,90.39,21.59,134.22
28.47,91.21,20.89,134.71
29.69,94.30,26.84,143.54
27.02,91.67,21.26,135.12
29.10,94.17,26.71,143.09
29.69,92.59,29.11,143.30
28.21,92.87,28.79,142.93
29.05,93.92,23.67,140.36
29.57,93.62,27.57,143.27
29.11,92.44,27.96,142.02
28.20,92.91,20.36,136.25
29.12,92.13,24.52,138.90
29.63,90.10,23.70,135.97
29.81,90.37,22.69,135.54
27.72,90.94,22.82,135.70
29.26,92.92,28.71,143.25
29.73,94.30,26.52,143.29
28.91,90.78,23.44,136.37
28.96,93.88,23.56,140.20
28.59,91.34,29.44,141.73
27.34,90.70,28.69,139.99
29.90,90.75,25.38,138.18
27.43,90.03,21.75,133.66
29.56,90.71,28.37,140.41
29.84,93.76,23.28,140.09
28.54,91.73,25.13,138.74
27.12,94.87,26.52,143.19
27.84,91.61,26.48,139.46
29.03,91.82,24.94,138.85
27.82,90.57,21.19,133.98
27.73,92.01,20.21,134.90
28.70,94.31,22.22,139.55
29.73,90.97,20.49,134.48
29.54,92.92,21.97,137.94
28.80,91.78,25.16,138.91
27.29,90.53,23.50,135.62
27.47,94.88,27.28,143.92
29.49,94.73,26.31,143.57
27.79,92.51,26.85,140.83
29.13,91.52,21.90,136.09
27.93,93.56,20.66,137.18
29.46,92.13,20.76,136.00
27.97,92.17,28.95,142.16
29.49,91.08,26.02,138.95
29.47,90.77,28.75,140.77
27.08,90.14,24.45,135.86
27.30,90.80,25.09,137.23
29.83,90.79,22.84,136.17
29.93,93.23,24.35,140.33
29.94,93.91,20.39,137.98
28.03,91.47,21.18,135.12
29.88,94.04,21.00,138.61
27.71,92.91,22.06,137.46
29.79,94.65,27.87,144.81
28.58,92.87,27.60,142.09
29.48,90.34,26.04,138.08
27.51,94.96,21.02,139.02
28.05,94.82,21.85,139.67
29.03,93.13,24.16,139.79
28.59,91.89,26.88,140.35
27.09,93.42,25.32,140.49
28.00,90.85,21.62,134.71
27.87,91.15,24.05,136.98
28.97,90.72,22.26,135.36
28.88,92.49,24.44,139.20
29.17,94.20,22.07,139.44
29.34,90.02,21.45,133.98
29.07,91.92,28.84,142.09
28.68,92.51,29.11,142.91
28.93,91.39,23.20,136.91
28.00,91.64,23.29,137.00
27.59,91.80,24.84,138.31
29.87,90.61,24.70,137.45
28.56,90.46,27.27,138.93
29.19,91.46,26.48,139.70
27.99,92.78,27.15,141.45
28.05,91.82,20.77,135.21
27.35,94.29,27.21,143.12
29.34,94.55,28.23,144.85
28.61,94.22,28.99,144.84
27.05,91.35,25.08,137.80
29.53,94.57,21.14,139.26
28.50,93.47,24.20,140.07
28.90,94.79,23.04,140.85
27.05,91.38,23.66,136.70
28.96,91.70,24.75,138.52
22.75,90.69,110.43,204.00
23.85,94.35,114.05,211.61
22.61,94.59,116.04,213.12
21.19,91.13,122.23,213.50
23.41,91.70,116.08,209.92
22.86,93.13,117.73,212.80
22.48,93.41,105.55,203.27
22.03,92.96,121.13,215.07
21.91,91.69,117.08,210.26
23.71,93.27,112.67,209.18
21.38,92.72,106.14,202.59
22.85,94.32,123.60,218.92
23.11,92.80,108.18,204.84
23.25,94.54,105.36,204.71
23.67,90.49,104.23,199.08
23.77,90.60,102.26,197.66
23.34,91.48,104.43,200.32
22.64,90.18,108.34,201.69
22.46,94.76,114.84,212.33
22.96,93.58,104.65,202.90
21.07,93.57,107.87,204.90
22.44,92.71,121.50,215.18
22.71,90.45,109.89,203.27
21.70,93.44,115.18,210.78
22.43,92.49,119.10,213.00
21.26,92.84,109.07,205.04
22.92,94.90,105.69,205.31
22.81,91.52,107.86,202.95
21.12,90.69,102.80,197.40
21.11,90.32,104.51,198.32
23.60,90.98,107.17,201.99
23.13,94.71,108.62,207.49
22.98,93.32,122.20,216.64
22.13,90.98,104.54,199.44
22.54,91.48,101.85,198.02
22.49,91.70,124.39,216.30
22.36,94.48,116.74,213.47
22.21,93.51,120.16,215.00
22.45,94.74,107.18,206.17
22.77,92.12,120.44,213.73
22.19,90.03,112.31,204.54
23.61,91.70,123.59,216.00
23.86,94.92,105.02,205.08
21.42,92.63,102.80,199.82
22.37,90.79,124.98,215.64
24.00,91.61,117.61,211.22
21.80,92.73,120.06,213.87
23.80,92.80,100.62,199.00
23.71,91.53,121.90,214.47
23.34,90.38,112.90,205.78
22.31,90.04,113.07,205.19
23.50,92.21,107.99,204.09
23.46,91.46,111.78,206.21
23.06,92.40,114.74,209.59
22.47,91.23,124.22,215.59
22.70,92.82,105.05,202.24
23.67,93.90,105.40,204.10
22.50,92.46,100.93,198.45
23.83,90.84,109.60,203.84
23.64,93.74,116.69,212.94
21.41,92.99,118.40,212.73
22.85,94.58,117.53,214.37
22.98,93.85,109.59,207.18
21.20,90.81,103.68,198.28
23.87,90.50,103.05,198.20
21.04,94.34,114.74,211.31
22.62,93.52,116.93,212.55
21.45,90.75,116.70,208.69
22.81,92.13,109.34,204.87
21.98,91.13,115.48,208.33
22.53,92.55,115.38,210.12
22.36,91.92,107.77,203.23
21.20,92.16,105.86,201.63
23.88,93.45,104.91,203.23
22.78,94.37,122.14,217.79
22.19,92.44,121.66,214.91
22.91,90.70,118.60,210.60
23.09,90.23,108.22,201.77
21.72,92.84,121.70,215.28
22.44,91.59,102.56,198.69
21.13,91.96,122.54,214.72
22.72,92.25,107.03,203.14
23.75,92.88,117.66,212.71
23.76,93.66,100.83,200.18
22.13,94.68,112.92,210.59
21.17,90.24,123.65,213.56
22.36,91.16,118.68,211.04
22.78,92.70,113.78,209.10
21.23,90.10,113.98,205.67
23.16,90.34,110.71,203.93
22.43,93.92,102.72,201.61
23.64,90.95,116.74,209.63
22.29,90.69,122.74,213.71
23.35,90.90,113.04,206.52
22.04,94.58,110.98,208.89
23.81,92.49,119.63,213.84
22.32,90.85,100.12,195.81
22.14,93.83,120.63,215.74
23.65,94.51,115.36,212.79
22.17,90.27,124.47,214.55
15.78,92.51,119.04,210.98
26.03,91.51,101.28,198.65
13.36,91.36,111.23,202.62
18.88,92.04,114.67,207.85
29.48,91.58,111.17,207.68
28.07,92.91,114.13,211.23
25.67,92.05,112.54,208.19
29.77,92.01,114.42,210.87
30.55,90.90,106.07,203.11
23.96,90.26,102.70,197.66
23.98,91.55,118.49,211.84
25.26,90.31,117.37,209.85
31.08,90.14,109.69,205.25
14.78,91.22,100.20,194.06
26.57,94.45,116.38,214.42
24.86,94.39,111.78,210.15
34.51,93.64,103.57,205.57
24.12,90.72,102.84,198.37
23.85,90.11,103.92,198.42
24.60,91.28,111.29,205.96
15.63,94.26,101.47,198.98
19.34,91.98,116.45,209.34
28.26,91.98,105.21,203.03
22.68,93.36,110.33,207.11
21.03,92.96,110.68,206.41
33.23,91.06,115.77,211.86
22.30,92.16,117.37,211.18
11.50,94.89,115.57,209.78
14.34,94.36,110.22,205.71
33.11,93.48,119.17,217.45
30.49,90.46,113.33,208.36
30.26,92.03,116.72,212.89
12.23,90.26,108.42,198.72
10.01,90.22,119.39,206.79
22.79,90.61,116.51,208.78
20.18,90.65,116.81,208.29
30.72,94.01,106.81,207.48
24.36,92.40,119.69,213.94
21.21,91.35,112.98,206.37
10.79,91.38,117.53,206.92
11.90,91.35,103.58,196.05
22.57,93.37,109.86,206.71
18.87,93.25,119.39,213.07
17.34,93.05,112.72,207.04
34.91,92.88,102.19,203.68
24.54,91.91,115.98,210.44
13.84,91.75,107.99,200.64
22.36,93.52,101.52,200.15
34.74,93.12,100.20,202.33
11.55,94.15,108.83,203.51
23.13,91.95,104.42,200.81
29.98,94.55,115.36,214.74
20.88,90.94,102.46,197.35
17.25,91.14,112.51,204.55
15.83,91.68,109.76,202.58
23.01,91.12,112.67,206.38
16.40,92.18,102.94,197.89
24.45,93.11,109.47,206.64
31.88,91.15,105.34,203.22
31.35,91.48,109.15,206.51
18.05,90.04,111.78,202.89
30.85,92.87,107.41,206.63
22.46,91.53,118.01,210.98
13.70,90.96,106.29,198.29
20.49,93.72,111.84,208.09
13.21,94.03,106.27,201.81
32.32,93.68,117.62,216.21
20.68,90.92,109.75,203.10
31.53,90.51,113.12,208.56
25.35,91.81,116.76,211.19
17.67,91.70,110.69,203.89
12.59,91.82,119.39,209.47
11.87,93.68,106.06,200.83
11.03,92.23,112.77,204.20
25.30,94.96,117.97,215.93
32.24,90.15,104.71,201.62
17.68,94.36,108.06,204.99
10.27,90.19,106.70,196.67
17.22,94.79,108.01,205.32
19.67,90.50,100.17,194.64
10.36,93.76,101.15,196.53
27.26,91.71,101.14,199.14
34.59,92.13,115.57,213.39
32.40,94.52,113.25,213.74
10.16,91.22,106.36,197.61
21.49,93.44,101.48,199.76
16.53,94.77,110.04,206.72
31.85,90.12,109.95,205.66
28.05,90.01,117.13,210.13
31.75,94.60,115.20,215.20
29.07,93.27,100.79,201.28
19.14,90.71,108.02,201.01
16.15,91.44,107.43,200.52
34.05,92.06,116.80,214.13
34.51,90.56,118.33,213.69
32.72,90.55,113.33,209.13
25.16,92.55,114.31,210.06
27.68,94.47,114.00,212.87
21.35,90.95,107.09,201.21
11.70,93.26,103.20,197.98
35.21,91.50,243.07,314.82
42.39,90.79,88.47,192.44
38.42,91.14,119.27,216.31
35.33,92.12,235.61,309.63
42.92,90.08,196.24,277.96
33.84,92.85,203.40,284.30
33.20,92.76,197.53,279.30
23.49,93.71,191.78,272.92
29.34,90.82,202.06,279.43
40.21,94.51,186.68,274.81
42.13,91.70,197.40,280.61
32.86,91.46,47.27,157.43
29.81,91.38,232.70,304.76
31.56,93.05,63.62,172.02
36.32,93.06,141.17,235.51
37.13,94.61,172.48,262.65
38.44,93.64,77.72,186.07
32.66,90.79,78.85,181.83
27.93,91.56,149.91,238.17
39.02,91.49,105.88,206.20
32.51,94.66,51.07,164.20
38.72,91.73,62.62,171.79
43.30,92.83,110.56,212.84
27.59,90.73,238.50,307.95
40.79,92.91,132.79,229.96
23.19,91.40,206.40,281.76
32.68,92.62,248.86,320.03
34.29,93.61,127.25,224.42
39.30,94.16,120.95,221.55
39.73,91.12,122.76,219.48
39.23,91.26,64.45,172.84
27.35,94.18,40.35,153.50
40.77,92.09,209.87,290.64
26.27,90.80,59.49,164.43
28.13,93.32,117.82,214.68
34.28,90.56,98.54,197.78
33.80,93.01,182.03,267.37
31.53,90.87,207.07,284.17
42.30,90.51,74.88,181.21
24.64,90.62,218.23,290.72
28.28,91.37,179.27,261.55
24.49,92.98,183.49,265.72
42.85,94.64,78.81,189.46
43.68,93.11,103.82,207.89
42.07,92.92,165.74,256.72
33.47,92.13,136.83,230.06
31.70,91.66,48.84,158.58
41.42,90.04,199.31,279.92
42.55,94.94,214.41,298.23
28.92,94.64,63.69,173.19
43.08,93.90,211.85,295.09
29.20,93.97,209.41,289.05
41.04,91.37,181.53,267.18
25.62,93.18,97.26,197.32
35.33,91.06,163.91,251.00
24.43,92.28,63.35,168.74
31.18,90.22,54.02,160.83
31.88,91.33,79.27,182.57
42.93,91.18,246.36,319.38
23.11,94.32,231.52,305.33
24.87,93.91,135.17,228.28
43.36,93.35,114.78,216.85
26.83,90.75,144.67,232.69
30.42,93.13,75.95,181.64
28.65,93.23,115.82,213.12
32.50,93.48,71.74,179.31
43.04,94.64,41.59,159.75
30.11,90.35,75.25,177.64
23.69,93.61,87.53,189.47
35.68,93.31,141.34,235.74
27.72,94.44,82.83,187.91
35.27,92.38,149.85,241.32
23.17,90.79,161.69,245.25
33.09,92.25,88.13,191.13
37.46,90.45,172.35,257.65
38.73,94.74,218.14,299.82
32.58,92.75,93.79,196.11
38.38,93.10,210.27,291.46
42.94,90.09,234.85,308.87
25.65,92.75,52.95,161.35
37.59,92.00,159.66,249.40
29.61,93.16,62.69,170.82
25.35,93.03,174.40,258.76
25.93,93.02,241.82,312.86
32.77,94.57,240.48,315.70
29.02,90.20,126.81,218.40
40.00,90.17,92.12,193.90
33.32,91.25,234.50,307.10
31.23,94.94,46.44,160.45
26.68,92.96,62.51,169.56
24.71,90.15,108.41,202.32
38.20,93.97,218.09,298.70
36.57,93.80,104.42,207.06
26.05,93.69,240.69,312.79
31.30,92.76,54.78,164.53
40.10,94.35,149.12,244.55
38.59,91.58,102.27,203.29
41.31,91.15,239.74,313.57
37.04,91.79,188.52,272.08
23.01,91.07,208.34,282.86
26.76,92.86,224.59,299.13
25.61,94.31,224.32,300.32
28.13,95.65,151.08,244.08
25.03,91.54,179.82,261.21
27.80,99.65,181.69,273.27
29.26,95.11,184.76,270.72
27.10,93.70,150.95,241.33
25.85,90.93,147.89,235.18
26.59,90.99,178.81,260.21
28.39,99.19,189.67,279.28
28.44,91.81,145.54,235.14
28.27,96.94,198.82,283.86
27.01,96.46,144.33,239.32
27.64,99.35,157.92,253.84
26.30,99.66,215.92,300.21
27.13,95.24,204.72,286.20
25.57,97.61,199.79,284.64
25.95,93.41,172.05,257.51
28.03,95.02,218.01,296.83
29.13,91.31,157.24,244.10
27.08,97.00,171.76,261.93
28.11,90.02,172.48,254.44
27.51,94.19,156.67,246.62
27.64,95.49,205.55,287.31
29.01,94.01,150.05,241.56
26.58,95.79,171.63,260.22
28.29,97.00,142.94,239.24
28.69,96.65,178.96,267.76
29.71,96.30,209.85,292.35
27.15,96.66,149.24,243.54
29.29,91.96,132.15,224.85
25.07,93.31,134.84,227.37
26.92,91.20,194.90,273.44
28.28,93.65,171.95,258.42
29.18,92.73,204.96,284.00
28.36,91.65,160.73,247.07
29.38,93.28,218.52,295.56
25.39,98.09,218.08,299.79
26.31,98.62,208.12,292.73
29.53,91.91,194.31,274.60
28.83,92.17,145.42,235.59
28.48,97.77,160.39,254.18
28.74,93.40,156.77,246.11
25.01,95.59,165.81,254.86
29.87,91.15,192.77,272.55
27.54,94.59,150.20,241.93
26.52,98.38,144.63,241.72
25.04,95.90,174.80,262.42
29.20,95.67,211.25,292.57
27.06,91.11,224.70,297.20
26.19,96.97,135.42,232.55
27.59,92.49,162.84,249.53
25.76,94.66,131.25,226.31
28.88,95.11,145.06,238.85
26.51,94.48,199.88,281.24
26.87,91.73,214.41,289.66
27.57,94.90,145.93,238.90
28.06,98.37,171.65,263.78
29.52,92.56,131.21,224.90
28.96,95.16,222.80,301.13
25.10,92.36,157.76,244.57
27.19,92.20,141.32,231.85
29.03,90.79,205.57,282.12
27.75,95.95,131.09,228.33
27.31,99.97,201.83,289.62
28.84,99.64,224.40,307.75
26.61,96.97,191.01,277.16
29.70,95.66,215.20,295.86
25.55,91.64,212.87,287.93
26.38,91.50,167.05,251.35
27.46,92.91,142.14,233.44
27.02,95.72,147.17,240.70
28.99,90.74,148.84,236.66
26.11,91.52,134.13,224.96
25.07,95.02,192.90,275.87
25.55,96.93,191.30,277.02
28.57,95.68,134.84,231.26
26.07,96.70,143.53,238.69
25.52,94.38,178.73,263.90
25.95,94.74,144.16,236.80
28.30,95.41,182.45,268.94
29.57,91.41,224.83,298.43
29.70,95.21,148.30,241.80
26.14,93.28,195.41,276.11
26.00,94.80,209.54,289.19
27.15,91.49,164.92,249.87
28.97,98.10,213.90,297.53
26.14,96.39,131.34,228.58
25.52,94.33,135.13,228.96
27.56,99.98,174.63,267.95
27.81,97.48,154.06,248.57
25.60,99.72,165.82,260.01
26.92,99.85,225.63,308.40
29.18,90.27,188.93,268.22
26.45,98.30,221.23,302.87
28.44,95.88,203.93,286.73
28.94,93.00,191.77,273.70
26.45,93.45,149.22,239.45
25.79,93.84,152.42,242.29
26.93,98.80,166.57,259.90
24.40,79.20,90.80,175.00
23.10,84.86,71.30,165.80
23.97,76.98,90.76,172.17
24.89,75.62,89.76,170.02
25.36,83.63,88.44,178.72
24.69,81.74,78.58,168.36
25.00,80.54,96.33,181.21
22.46,81.31,64.23,155.69
23.61,79.30,72.50,160.23
24.58,79.12,71.95,159.88
23.09,83.56,71.84,164.67
23.50,83.63,79.81,171.26
24.15,75.88,69.92,154.24
24.69,84.84,89.80,181.06
24.48,84.45,90.94,181.44
24.49,82.24,64.03,157.26
23.48,81.73,86.76,174.53
24.19,76.04,69.08,153.77
25.01,78.18,86.06,170.17
25.99,77.05,89.12,171.56
23.66,81.69,99.37,184.62
25.67,81.38,78.60,168.23
22.05,84.63,86.01,176.98
22.42,84.56,93.47,182.97
25.03,82.21,95.02,182.18
23.53,77.22,87.54,169.75
22.77,82.60,81.50,171.15
25.50,79.98,67.06,157.27
25.25,83.46,86.56,176.97
22.78,77.51,64.61,151.54
23.37,77.43,71.68,157.27
24.87,78.22,79.57,164.98
24.14,84.52,80.36,172.95
25.03,79.04,97.10,180.04
23.66,84.48,88.54,179.30
25.54,84.09,88.94,179.73
22.00,79.47,90.42,174.31
23.64,78.13,80.96,165.61
23.96,78.03,84.63,168.53
24.65,75.64,61.83,147.62
24.30,84.88,65.02,161.16
24.29,81.02,90.42,176.85
24.29,84.62,81.06,173.67
25.72,81.20,99.93,185.10
24.88,76.30,91.92,172.56
22.61,77.34,75.14,159.70
23.87,75.68,90.45,170.34
23.41,76.44,78.82,161.81
24.96,81.32,80.04,169.10
25.17,80.30,84.62,171.61
22.73,77.08,77.55,161.35
22.45,76.26,86.85,167.72
23.05,75.54,70.66,154.09
25.29,75.67,62.64,148.50
22.96,82.34,66.48,158.88
22.80,84.15,91.64,181.13
23.54,75.98,84.13,165.54
24.41,80.80,98.60,183.17
22.94,75.37,67.08,150.99
25.54,81.14,95.43,181.37
25.32,81.79,83.47,172.52
22.43,81.53,65.54,157.01
25.79,75.01,91.40,170.86
25.69,77.91,66.19,154.15
22.15,82.86,60.65,154.60
25.07,82.50,93.51,181.33
22.22,76.18,70.41,154.40
23.96,76.59,76.13,160.00
25.40,76.53,62.51,149.47
23.78,83.04,66.27,159.79
24.16,76.74,61.95,148.90
25.31,77.92,72.83,159.36
22.60,80.35,88.57,174.06
22.95,78.72,99.75,181.15
22.74,80.41,90.07,175.38
23.81,83.92,70.97,164.62
25.46,81.57,76.89,167.03
25.97,81.98,74.14,165.48
25.53,80.05,99.40,183.23
24.44,81.70,60.80,154.01
23.04,76.47,90.65,171.19
23.51,76.73,80.11,163.22
22.76,76.76,97.77,177.15
24.71,77.73,85.25,168.89
23.46,82.45,93.50,180.78
25.55,77.85,78.58,163.95
22.08,82.83,67.06,159.67
24.69,78.51,69.31,157.07
25.85,84.17,77.03,170.38
22.46,75.41,71.85,154.71
23.66,77.52,74.90,160.04
22.01,81.84,92.24,178.60
24.33,80.13,69.45,159.02
22.92,82.69,92.92,180.44
23.44,78.63,81.15,166.31
22.11,78.58,74.94,160.89
23.04,76.11,91.50,171.44
24.55,75.40,63.88,148.95
23.74,75.78,76.64,159.36
22.32,83.86,65.36,159.62
25.52,72.25,151.89,215.87
26.59,82.94,161.25,236.50
25.30,86.89,196.62,269.15
25.72,88.17,175.61,254.00
23.58,72.00,190.42,245.82
25.31,72.01,190.56,246.46
23.42,85.09,185.74,257.72
24.36,88.80,169.12,249.16
26.28,75.15,182.27,243.88
25.14,83.12,169.34,242.76
24.89,71.92,150.25,213.97
25.76,88.37,189.43,265.31
23.13,74.68,199.84,256.43
24.99,88.96,151.49,235.44
25.22,70.88,195.86,249.32
24.40,79.27,164.27,233.86
23.31,71.45,164.50,224.33
25.73,81.86,191.96,259.52
26.97,78.21,169.84,237.81
23.70,74.64,181.28,241.70
24.90,73.84,153.90,219.20
23.40,72.61,174.79,233.98
26.87,79.79,173.10,242.29
23.14,75.00,151.90,218.46
24.29,77.63,184.98,248.43
24.39,89.89,197.12,272.89
25.76,80.76,174.51,244.25
25.49,84.48,168.78,244.05
25.37,76.24,183.83,246.16
26.21,81.70,180.12,250.01
24.31,78.54,186.23,250.53
23.77,87.98,150.32,232.96
24.80,78.53,162.28,231.50
23.21,74.10,199.48,255.46
23.67,70.89,184.46,239.74
25.12,85.73,159.57,238.07
23.89,83.46,167.72,241.50
23.09,81.45,196.66,262.00
24.22,82.85,166.14,239.60
24.06,71.31,153.64,215.71
24.85,74.44,175.57,237.24
26.42,76.86,197.21,257.92
24.89,77.01,196.47,257.06
23.26,82.70,166.22,239.19
24.76,87.06,179.16,255.23
24.97,78.63,166.64,235.16
26.13,80.49,150.63,224.93
25.98,81.66,163.35,236.46
26.28,73.36,186.69,245.27
26.39,83.31,176.15,248.81
25.27,73.75,168.04,230.51
23.09,78.46,155.39,225.39
25.79,81.77,193.24,260.45
23.17,87.88,160.62,240.91
25.63,79.95,182.26,249.44
25.85,87.82,152.62,235.23
26.57,80.90,181.29,250.09
26.25,72.97,189.97,247.42
26.92,73.20,177.22,237.69
24.37,82.11,159.92,233.78
25.72,79.16,187.17,252.44
25.01,88.33,169.42,249.03
25.41,76.44,188.64,250.26
23.28,74.28,153.74,219.11
23.99,82.09,167.06,239.35
24.49,83.21,192.23,260.98
25.87,84.10,154.84,232.55
23.56,79.46,185.26,250.63
24.22,74.89,192.49,251.14
25.49,86.97,176.53,253.23
24.97,79.48,195.76,259.47
24.81,82.09,156.36,231.04
23.17,76.67,157.12,224.65
24.25,89.86,175.17,255.25
26.58,78.01,154.82,225.44
26.82,78.20,153.92,225.03
25.50,81.13,169.93,240.95
24.10,80.57,176.86,245.40
23.19,86.21,176.10,251.29
26.24,78.51,183.41,248.81
23.75,71.15,160.09,220.57
26.14,79.12,171.49,239.98
26.15,71.24,193.10,247.81
26.92,73.49,171.47,233.44
26.52,77.17,157.85,226.85
23.82,80.94,190.31,256.52
26.51,86.84,152.98,234.55
26.64,70.96,199.34,252.61
23.33,79.80,187.31,252.60
26.48,73.96,180.25,240.90
23.79,74.37,172.64,234.49
25.50,76.00,193.71,253.82
23.25,73.65,184.77,243.17
26.99,89.06,193.88,270.07
23.61,86.14,150.24,230.64
23.87,86.79,177.51,253.33
23.93,88.07,154.66,236.59
24.81,81.69,190.79,258.10
24.45,82.29,190.97,258.85
26.57,73.82,159.32,224.01
26.33,57.36,191.65,230.06
26.45,55.32,144.69,190.07
25.71,52.89,136.73,180.56
24.13,56.18,147.28,192.48
23.44,60.40,122.21,177.28
23.41,52.27,139.37,181.24
23.06,50.41,164.50,199.00
23.08,63.66,129.88,187.22
27.65,51.11,122.84,167.90
25.47,69.35,171.38,227.96
26.74,55.55,140.63,187.19
26.21,52.51,189.09,222.15
27.04,57.28,165.69,209.40
24.65,51.94,135.14,177.83
27.35,55.99,148.98,194.58
25.18,62.26,135.01,190.28
23.11,68.00,161.89,218.05
27.23,52.95,175.73,212.29
23.26,60.52,194.18,234.94
25.23,57.53,124.23,175.99
25.60,57.73,195.77,233.57
25.57,60.49,190.23,232.44
25.67,51.29,196.27,226.27
24.41,62.66,148.70,201.47
23.69,66.76,144.66,202.95
24.53,67.00,180.51,232.16
27.13,52.89,192.43,225.55
27.56,68.49,167.44,224.41
23.59,55.28,191.40,226.53
23.18,52.14,117.31,163.37
24.71,51.29,197.64,227.08
24.39,64.73,119.63,180.69
27.16,51.59,126.18,171.00
26.54,67.10,120.65,185.00
27.01,60.77,191.45,234.18
27.56,58.46,117.94,172.77
23.32,53.00,168.26,205.21
24.24,54.30,115.16,164.56
23.43,64.11,122.68,182.10
26.02,55.83,176.90,216.33
24.84,56.77,124.41,175.10
26.24,65.64,148.38,205.35
24.43,66.02,181.64,231.87
26.00,62.14,153.48,205.16
26.22,62.27,193.75,237.58
27.10,63.55,190.24,236.59
25.64,61.03,199.47,240.51
27.75,54.37,139.86,185.46
26.25,54.29,133.11,179.51
26.67,52.24,156.15,195.62
27.10,55.75,139.50,186.63
27.63,61.26,196.65,239.12
27.54,55.52,130.64,179.39
23.57,50.56,130.38,172.05
24.99,57.93,192.87,231.32
27.56,54.41,177.82,215.82
23.98,61.11,161.53,209.75
24.23,67.38,122.41,186.05
25.60,68.66,168.84,225.15
24.31,53.57,184.41,219.11
26.37,52.26,177.32,212.47
26.56,57.16,152.06,198.21
26.35,58.51,121.56,175.36
25.20,57.88,156.15,201.94
23.36,55.19,171.70,210.59
23.61,59.69,185.16,226.83
24.18,69.95,163.27,221.81
26.44,53.84,175.37,212.84
26.12,63.37,147.80,202.13
27.77,64.48,192.71,239.88
25.56,62.67,193.59,237.74
27.92,67.97,115.23,182.13
26.06,52.31,161.34,199.67
26.36,64.58,163.63,216.30
24.91,54.15,129.55,176.10
27.31,68.42,192.43,244.25
26.14,52.26,136.30,179.60
23.11,67.06,162.58,217.47
23.53,68.44,171.88,226.69
25.12,68.48,194.88,245.61
24.03,58.85,134.68,185.57
26.71,69.71,158.86,218.76
26.72,50.50,126.81,170.06
24.59,56.47,137.70,185.30
27.51,50.67,144.00,184.25
27.58,58.53,156.68,203.85
26.65,57.57,145.11,193.16
26.97,62.02,142.86,196.80
23.17,52.98,153.12,193.02
23.53,65.44,186.17,234.53
27.31,55.20,141.48,187.61
27.55,62.88,181.42,228.86
25.63,57.04,188.55,226.98
23.29,50.05,183.47,213.82
24.91,53.74,166.25,204.97
26.77,66.41,177.77,229.95
27.42,56.64,127.92,178.53
24.13,67.23,173.32,226.57
26.27,52.13,127.18,172.17
23.60,60.40,140.94,192.31
